Workbook

Sheet Ventas
A1: ID_Venta | B1: Marca | C1: Tipo de cuello | D1: Manga | E1: Estampado | F1: Color | G1: Talla | H1: Cantidad | I1: Fecha | J1: Precio | K1: ID_camisa | L1: Tipo de tela | M1: Control_Inventario
A2: 1 | B2: Polo | C2: con cuello | D2: larga | E2: micro cuadro | F2: azul cielo | G2: XG | H2: 1 | I2: 46009 | J2: 149 | K2: =IF(COUNTA(B2:G2)<6,"",UPPER(LEFT(TRIM(B2),1)&"-"&IF(LOWER(TRIM(C2))="con cuello","CC",LEFT(SUBSTITUTE(TRIM(C2)," ",""),3))&"-"&LEFT(TRIM(D2),1)&"-"&LEFT(SUBSTITUTE(TRIM(E2)," ",""),3)&"-"&IF(ISNUMBER(SEARCH(" ",TRIM(F2))),LEFT(TRIM(F2),2)&MID(TRIM(F2),SEARCH(" ",TRIM(F2))+1,2),IF(OR(LOWER(TRIM(F2))="blanca",LOWER(TRIM(F2))="blanco"),"BLANC",LEFT(TRIM(F2),4)))&"-"&TRIM(G2))) | L2: Media | M2: =IF(K2="","",IF(I2<MAX(Inventario!$J:$J),"Fecha no aplica",IF(COUNTIF(Inventario!$A:$A,K2)=0,"No encontrado en inventario",IF(SUMIFS(Inventario!$E:$E,Inventario!$A:$A,K2)-SUMIFS(Ventas!$H:$H,Ventas!$K:$K,K2,Ventas!$I:$I,">="&MAX(Inventario!$J:$J))<0,"Stock insuficiente","Descontado"))))
A3: 2 | B3: Polo | C3: con cuello | D3: larga | E3: micro cuadro | F3: azul marino | G3: G | H3: 1 | I3: 46009 | J3: 149 | K3: =IF(COUNTA(B3:G3)<6,"",UPPER(LEFT(TRIM(B3),1)&"-"&IF(LOWER(TRIM(C3))="con cuello","CC",LEFT(SUBSTITUTE(TRIM(C3)," ",""),3))&"-"&LEFT(TRIM(D3),1)&"-"&LEFT(SUBSTITUTE(TRIM(E3)," ",""),3)&"-"&IF(ISNUMBER(SEARCH(" ",TRIM(F3))),LEFT(TRIM(F3),2)&MID(TRIM(F3),SEARCH(" ",TRIM(F3))+1,2),IF(OR(LOWER(TRIM(F3))="blanca",LOWER(TRIM(F3))="blanco"),"BLANC",LEFT(TRIM(F3),4)))&"-"&TRIM(G3))) | L3: Media | M3: =IF(K3="","",IF(I3<MAX(Inventario!$J:$J),"Fecha no aplica",IF(COUNTIF(Inventario!$A:$A,K3)=0,"No encontrado en inventario",IF(SUMIFS(Inventario!$E:$E,Inventario!$A:$A,K3)-SUMIFS(Ventas!$H:$H,Ventas!$K:$K,K3,Ventas!$I:$I,">="&MAX(Inventario!$J:$J))<0,"Stock insuficiente","Descontado"))))
A4: 3 | B4: Zara | C4: con cuello | D4: larga | E4: lisa | F4: negra | G4: G | H4: 1 | I4: 46009 | J4: 159 | K4: =IF(COUNTA(B4:G4)<6,"",UPPER(LEFT(TRIM(B4),1)&"-"&IF(LOWER(TRIM(C4))="con cuello","CC",LEFT(SUBSTITUTE(TRIM(C4)," ",""),3))&"-"&LEFT(TRIM(D4),1)&"-"&LEFT(SUBSTITUTE(TRIM(E4)," ",""),3)&"-"&IF(ISNUMBER(SEARCH(" ",TRIM(F4))),LEFT(TRIM(F4),2)&MID(TRIM(F4),SEARCH(" ",TRIM(F4))+1,2),IF(OR(LOWER(TRIM(F4))="blanca",LOWER(TRIM(F4))="blanco"),"BLANC",LEFT(TRIM(F4),4)))&"-"&TRIM(G4))) | L4: Poliester | M4: =IF(K4="","",IF(I4<MAX(Inventario!$J:$J),"Fecha no aplica",IF(COUNTIF(Inventario!$A:$A,K4)=0,"No encontrado en inventario",IF(SUMIFS(Inventario!$E:$E,Inventario!$A:$A,K4)-SUMIFS(Ventas!$H:$H,Ventas!$K:$K,K4,Ventas!$I:$I,">="&MAX(Inventario!$J:$J))<0,"Stock insuficiente","Descontado"))))
A5: 4 | B5: Tommy | C5: mao | D5: corta | E5: resorte | F5: blanca | G5: M | H5: 1 | I5: 46009 | J5: 169 | K5: =IF(COUNTA(B5:G5)<6,"",UPPER(LEFT(TRIM(B5),1)&"-"&IF(LOWER(TRIM(C5))="con cuello","CC",LEFT(SUBSTITUTE(TRIM(C5)," ",""),3))&"-"&LEFT(TRIM(D5),1)&"-"&LEFT(SUBSTITUTE(TRIM(E5)," ",""),3)&"-"&IF(ISNUMBER(SEARCH(" ",TRIM(F5))),LEFT(TRIM(F5),2)&MID(TRIM(F5),SEARCH(" ",TRIM(F5))+1,2),IF(OR(LOWER(TRIM(F5))="blanca",LOWER(TRIM(F5))="blanco"),"BLANC",LEFT(TRIM(F5),4)))&"-"&TRIM(G5))) | L5: Algodonada | M5: =IF(K5="","",IF(I5<MAX(Inventario!$J:$J),"Fecha no aplica",IF(COUNTIF(Inventario!$A:$A,K5)=0,"No encontrado en inventario",IF(SUMIFS(Inventario!$E:$E,Inventario!$A:$A,K5)-SUMIFS(Ventas!$H:$H,Ventas!$K:$K,K5,Ventas!$I:$I,">="&MAX(Inventario!$J:$J))<0,"Stock insuficiente","Descontado"))))
A6: 5 | B6: Calvin | C6: mao | D6: larga | E6: lisa | F6: azul cielo | G6: G | H6: 1 | I6: 46276 | J6: 179 | K6: =IF(COUNTA(B6:G6)<6,"",UPPER(LEFT(TRIM(B6),1)&"-"&IF(LOWER(TRIM(C6))="con cuello","CC",LEFT(SUBSTITUTE(TRIM(C6)," ",""),3))&"-"&LEFT(TRIM(D6),1)&"-"&LEFT(SUBSTITUTE(TRIM(E6)," ",""),3)&"-"&IF(ISNUMBER(SEARCH(" ",TRIM(F6))),LEFT(TRIM(F6),2)&MID(TRIM(F6),SEARCH(" ",TRIM(F6))+1,2),IF(OR(LOWER(TRIM(F6))="blanca",LOWER(TRIM(F6))="blanco"),"BLANC",LEFT(TRIM(F6),4)))&"-"&TRIM(G6))) | L6: Algodonada | M6: =IF(K6="","",IF(I6<MAX(Inventario!$J:$J),"Fecha no aplica",IF(COUNTIF(Inventario!$A:$A,K6)=0,"No encontrado en inventario",IF(SUMIFS(Inventario!$E:$E,Inventario!$A:$A,K6)-SUMIFS(Ventas!$H:$H,Ventas!$K:$K,K6,Ventas!$I:$I,">="&MAX(Inventario!$J:$J))<0,"Stock insuficiente","Descontado"))))
A7: 6 | B7: Zara | C7: con cuello | D7: larga | E7: lisa | F7: azul marino | G7: M | H7: 1 | I7: 46276 | J7: 169 | K7: =IF(COUNTA(B7:G7)<6,"",UPPER(LEFT(TRIM(B7),1)&"-"&IF(LOWER(TRIM(C7))="con cuello","CC",LEFT(SUBSTITUTE(TRIM(C7)," ",""),3))&"-"&LEFT(TRIM(D7),1)&"-"&LEFT(SUBSTITUTE(TRIM(E7)," ",""),3)&"-"&IF(ISNUMBER(SEARCH(" ",TRIM(F7))),LEFT(TRIM(F7),2)&MID(TRIM(F7),SEARCH(" ",TRIM(F7))+1,2),IF(OR(LOWER(TRIM(F7))="blanca",LOWER(TRIM(F7))="blanco"),"BLANC",LEFT(TRIM(F7),4)))&"-"&TRIM(G7))) | L7: Poliester | M7: =IF(K7="","",IF(I7<MAX(Inventario!$J:$J),"Fecha no aplica",IF(COUNTIF(Inventario!$A:$A,K7)=0,"No encontrado en inventario",IF(SUMIFS(Inventario!$E:$E,Inventario!$A:$A,K7)-SUMIFS(Ventas!$H:$H,Ventas!$K:$K,K7,Ventas!$I:$I,">="&MAX(Inventario!$J:$J))<0,"Stock insuficiente","Descontado"))))
A8: 7 | B8: Zara | C8: con cuello | D8: larga | E8: lisa | F8: blanca | G8: M | H8: 2 | I8: 46276 | J8: 169 | K8: =IF(COUNTA(B8:G8)<6,"",UPPER(LEFT(TRIM(B8),1)&"-"&IF(LOWER(TRIM(C8))="con cuello","CC",LEFT(SUBSTITUTE(TRIM(C8)," ",""),3))&"-"&LEFT(TRIM(D8),1)&"-"&LEFT(SUBSTITUTE(TRIM(E8)," ",""),3)&"-"&IF(ISNUMBER(SEARCH(" ",TRIM(F8))),LEFT(TRIM(F8),2)&MID(TRIM(F8),SEARCH(" ",TRIM(F8))+1,2),IF(OR(LOWER(TRIM(F8))="blanca",LOWER(TRIM(F8))="blanco"),"BLANC",LEFT(TRIM(F8),4)))&"-"&TRIM(G8))) | L8: Poliester | M8: =IF(K8="","",IF(I8<MAX(Inventario!$J:$J),"Fecha no aplica",IF(COUNTIF(Inventario!$A:$A,K8)=0,"No encontrado en inventario",IF(SUMIFS(Inventario!$E:$E,Inventario!$A:$A,K8)-SUMIFS(Ventas!$H:$H,Ventas!$K:$K,K8,Ventas!$I:$I,">="&MAX(Inventario!$J:$J))<0,"Stock insuficiente","Descontado"))))
A9: 8 | B9: Calvin | C9: mao | D9: corta | E9: lisa | F9: negra | G9: G | H9: 1 | I9: 46276 | J9: 179 | K9: =IF(COUNTA(B9:G9)<6,"",UPPER(LEFT(TRIM(B9),1)&"-"&IF(LOWER(TRIM(C9))="con cuello","CC",LEFT(SUBSTITUTE(TRIM(C9)," ",""),3))&"-"&LEFT(TRIM(D9),1)&"-"&LEFT(SUBSTITUTE(TRIM(E9)," ",""),3)&"-"&IF(ISNUMBER(SEARCH(" ",TRIM(F9))),LEFT(TRIM(F9),2)&MID(TRIM(F9),SEARCH(" ",TRIM(F9))+1,2),IF(OR(LOWER(TRIM(F9))="blanca",LOWER(TRIM(F9))="blanco"),"BLANC",LEFT(TRIM(F9),4)))&"-"&TRIM(G9))) | L9: Algodonada | M9: =IF(K9="","",IF(I9<MAX(Inventario!$J:$J),"Fecha no aplica",IF(COUNTIF(Inventario!$A:$A,K9)=0,"No encontrado en inventario",IF(SUMIFS(Inventario!$E:$E,Inventario!$A:$A,K9)-SUMIFS(Ventas!$H:$H,Ventas!$K:$K,K9,Ventas!$I:$I,">="&MAX(Inventario!$J:$J))<0,"Stock insuficiente","Descontado"))))
A10: 9 | B10: Tommy | C10: con cuello | D10: larga | E10: figuras | F10: azul marino | G10: XG | H10: 1 | I10: 46276 | J10: 189 | K10: =IF(COUNTA(B10:G10)<6,"",UPPER(LEFT(TRIM(B10),1)&"-"&IF(LOWER(TRIM(C10))="con cuello","CC",LEFT(SUBSTITUTE(TRIM(C10)," ",""),3))&"-"&LEFT(TRIM(D10),1)&"-"&LEFT(SUBSTITUTE(TRIM(E10)," ",""),3)&"-"&IF(ISNUMBER(SEARCH(" ",TRIM(F10))),LEFT(TRIM(F10),2)&MID(TRIM(F10),SEARCH(" ",TRIM(F10))+1,2),IF(OR(LOWER(TRIM(F10))="blanca",LOWER(TRIM(F10))="blanco"),"BLANC",LEFT(TRIM(F10),4)))&"-"&TRIM(G10))) | L10: Suave | M10: =IF(K10="","",IF(I10<MAX(Inventario!$J:$J),"Fecha no aplica",IF(COUNTIF(Inventario!$A:$A,K10)=0,"No encontrado en inventario",IF(SUMIFS(Inventario!$E:$E,Inventario!$A:$A,K10)-SUMIFS(Ventas!$H:$H,Ventas!$K:$K,K10,Ventas!$I:$I,">="&MAX(Inventario!$J:$J))<0,"Stock insuficiente","Descontado"))))
A11: 10 | B11: Calvin | C11: mao | D11: larga | E11: lisa | F11: blanca | G11: M | H11: 1 | I11: 46276 | J11: 179 | K11: =IF(COUNTA(B11:G11)<6,"",UPPER(LEFT(TRIM(B11),1)&"-"&IF(LOWER(TRIM(C11))="con cuello","CC",LEFT(SUBSTITUTE(TRIM(C11)," ",""),3))&"-"&LEFT(TRIM(D11),1)&"-"&LEFT(SUBSTITUTE(TRIM(E11)," ",""),3)&"-"&IF(ISNUMBER(SEARCH(" ",TRIM(F11))),LEFT(TRIM(F11),2)&MID(TRIM(F11),SEARCH(" ",TRIM(F11))+1,2),IF(OR(LOWER(TRIM(F11))="blanca",LOWER(TRIM(F11))="blanco"),"BLANC",LEFT(TRIM(F11),4)))&"-"&TRIM(G11))) | L11: Algodonada | M11: =IF(K11="","",IF(I11<MAX(Inventario!$J:$J),"Fecha no aplica",IF(COUNTIF(Inventario!$A:$A,K11)=0,"No encontrado en inventario",IF(SUMIFS(Inventario!$E:$E,Inventario!$A:$A,K11)-SUMIFS(Ventas!$H:$H,Ventas!$K:$K,K11,Ventas!$I:$I,">="&MAX(Inventario!$J:$J))<0,"Stock insuficiente","Descontado"))))
A12: 11 | B12: Zara | C12: con cuello | D12: larga | E12: lisa | F12: negra | G12: CH | H12: 1 | I12: 46277 | J12: 159 | K12: =IF(COUNTA(B12:G12)<6,"",UPPER(LEFT(TRIM(B12),1)&"-"&IF(LOWER(TRIM(C12))="con cuello","CC",LEFT(SUBSTITUTE(TRIM(C12)," ",""),3))&"-"&LEFT(TRIM(D12),1)&"-"&LEFT(SUBSTITUTE(TRIM(E12)," ",""),3)&"-"&IF(ISNUMBER(SEARCH(" ",TRIM(F12))),LEFT(TRIM(F12),2)&MID(TRIM(F12),SEARCH(" ",TRIM(F12))+1,2),IF(OR(LOWER(TRIM(F12))="blanca",LOWER(TRIM(F12))="blanco"),"BLANC",LEFT(TRIM(F12),4)))&"-"&TRIM(G12))) | L12: Poliester | M12: =IF(K12="","",IF(I12<MAX(Inventario!$J:$J),"Fecha no aplica",IF(COUNTIF(Inventario!$A:$A,K12)=0,"No encontrado en inventario",IF(SUMIFS(Inventario!$E:$E,Inventario!$A:$A,K12)-SUMIFS(Ventas!$H:$H,Ventas!$K:$K,K12,Ventas!$I:$I,">="&MAX(Inventario!$J:$J))<0,"Stock insuficiente","Descontado"))))
A13: 12 | B13: Zara | C13: con cuello | D13: larga | E13: lisa | F13: azul marino | G13: CH | H13: 1 | I13: 46277 | J13: 169 | K13: =IF(COUNTA(B13:G13)<6,"",UPPER(LEFT(TRIM(B13),1)&"-"&IF(LOWER(TRIM(C13))="con cuello","CC",LEFT(SUBSTITUTE(TRIM(C13)," ",""),3))&"-"&LEFT(TRIM(D13),1)&"-"&LEFT(SUBSTITUTE(TRIM(E13)," ",""),3)&"-"&IF(ISNUMBER(SEARCH(" ",TRIM(F13))),LEFT(TRIM(F13),2)&MID(TRIM(F13),SEARCH(" ",TRIM(F13))+1,2),IF(OR(LOWER(TRIM(F13))="blanca",LOWER(TRIM(F13))="blanco"),"BLANC",LEFT(TRIM(F13),4)))&"-"&TRIM(G13))) | L13: Poliester | M13: =IF(K13="","",IF(I13<MAX(Inventario!$J:$J),"Fecha no aplica",IF(COUNTIF(Inventario!$A:$A,K13)=0,"No encontrado en inventario",IF(SUMIFS(Inventario!$E:$E,Inventario!$A:$A,K13)-SUMIFS(Ventas!$H:$H,Ventas!$K:$K,K13,Ventas!$I:$I,">="&MAX(Inventario!$J:$J))<0,"Stock insuficiente","Descontado"))))

Sheet Inventario
A1: ID_Camisa | B1: Modelo base | C1: Color | D1: Talla | E1: Cantidad | F1: Marca | G1: Estampado | H1: Manga | I1: Tipo de cuello | J1: Fecha | K1: Tipo de tela | L1: Stock_Actual_Calculado
A2: =IF(COUNTA(F2,I2,H2,G2,C2,D2)<6,"",UPPER(LEFT(TRIM(F2),1)&"-"&IF(LOWER(TRIM(I2))="con cuello","CC",LEFT(SUBSTITUTE(TRIM(I2)," ",""),3))&"-"&LEFT(TRIM(H2),1)&"-"&LEFT(SUBSTITUTE(TRIM(G2)," ",""),3)&"-"&IF(ISNUMBER(SEARCH(" ",TRIM(C2))),LEFT(TRIM(C2),2)&MID(TRIM(C2),SEARCH(" ",TRIM(C2))+1,2),IF(OR(LOWER(TRIM(C2))="blanca",LOWER(TRIM(C2))="blanco"),"BLANC",LEFT(TRIM(C2),4)))&"-"&TRIM(D2))) | B2: POLO_MICRO_CUADRO_A | C2: azul marino | D2: CH | E2: 2 | F2: Polo | G2: micro cuadro | H2: larga | I2: con cuello | J2: 46276 | K2: Media | L2: =IF(A2="","",E2-SUMIFS(Ventas!$H:$H,Ventas!$K:$K,A2,Ventas!$I:$I,">="&MAX(Inventario!$J:$J)))
A3: =IF(COUNTA(F3,I3,H3,G3,C3,D3)<6,"",UPPER(LEFT(TRIM(F3),1)&"-"&IF(LOWER(TRIM(I3))="con cuello","CC",LEFT(SUBSTITUTE(TRIM(I3)," ",""),3))&"-"&LEFT(TRIM(H3),1)&"-"&LEFT(SUBSTITUTE(TRIM(G3)," ",""),3)&"-"&IF(ISNUMBER(SEARCH(" ",TRIM(C3))),LEFT(TRIM(C3),2)&MID(TRIM(C3),SEARCH(" ",TRIM(C3))+1,2),IF(OR(LOWER(TRIM(C3))="blanca",LOWER(TRIM(C3))="blanco"),"BLANC",LEFT(TRIM(C3),4)))&"-"&TRIM(D3))) | B3: POLO_MICRO_CUADRO_B | C3: azul cielo | D3: XG | E3: 1 | F3: Polo | G3: micro cuadro | H3: larga | I3: con cuello | J3: 46276 | K3: Media | L3: =IF(A3="","",E3-SUMIFS(Ventas!$H:$H,Ventas!$K:$K,A3,Ventas!$I:$I,">="&MAX(Inventario!$J:$J)))
A4: =IF(COUNTA(F4,I4,H4,G4,C4,D4)<6,"",UPPER(LEFT(TRIM(F4),1)&"-"&IF(LOWER(TRIM(I4))="con cuello","CC",LEFT(SUBSTITUTE(TRIM(I4)," ",""),3))&"-"&LEFT(TRIM(H4),1)&"-"&LEFT(SUBSTITUTE(TRIM(G4)," ",""),3)&"-"&IF(ISNUMBER(SEARCH(" ",TRIM(C4))),LEFT(TRIM(C4),2)&MID(TRIM(C4),SEARCH(" ",TRIM(C4))+1,2),IF(OR(LOWER(TRIM(C4))="blanca",LOWER(TRIM(C4))="blanco"),"BLANC",LEFT(TRIM(C4),4)))&"-"&TRIM(D4))) | B4: ZARA_LISA_A | C4: negra | D4: G | E4: 2 | F4: Zara | G4: lisa | H4: larga | I4: con cuello | J4: 46276 | K4: Poliester | L4: =IF(A4="","",E4-SUMIFS(Ventas!$H:$H,Ventas!$K:$K,A4,Ventas!$I:$I,">="&MAX(Inventario!$J:$J)))
A5: =IF(COUNTA(F5,I5,H5,G5,C5,D5)<6,"",UPPER(LEFT(TRIM(F5),1)&"-"&IF(LOWER(TRIM(I5))="con cuello","CC",LEFT(SUBSTITUTE(TRIM(I5)," ",""),3))&"-"&LEFT(TRIM(H5),1)&"-"&LEFT(SUBSTITUTE(TRIM(G5)," ",""),3)&"-"&IF(ISNUMBER(SEARCH(" ",TRIM(C5))),LEFT(TRIM(C5),2)&MID(TRIM(C5),SEARCH(" ",TRIM(C5))+1,2),IF(OR(LOWER(TRIM(C5))="blanca",LOWER(TRIM(C5))="blanco"),"BLANC",LEFT(TRIM(C5),4)))&"-"&TRIM(D5))) | B5: ZARA_LISA_B | C5: azul marino | D5: M | E5: 2 | F5: Zara | G5: lisa | H5: larga | I5: con cuello | J5: 46276 | K5: Poliester | L5: =IF(A5="","",E5-SUMIFS(Ventas!$H:$H,Ventas!$K:$K,A5,Ventas!$I:$I,">="&MAX(Inventario!$J:$J)))
A6: =IF(COUNTA(F6,I6,H6,G6,C6,D6)<6,"",UPPER(LEFT(TRIM(F6),1)&"-"&IF(LOWER(TRIM(I6))="con cuello","CC",LEFT(SUBSTITUTE(TRIM(I6)," ",""),3))&"-"&LEFT(TRIM(H6),1)&"-"&LEFT(SUBSTITUTE(TRIM(G6)," ",""),3)&"-"&IF(ISNUMBER(SEARCH(" ",TRIM(C6))),LEFT(TRIM(C6),2)&MID(TRIM(C6),SEARCH(" ",TRIM(C6))+1,2),IF(OR(LOWER(TRIM(C6))="blanca",LOWER(TRIM(C6))="blanco"),"BLANC",LEFT(TRIM(C6),4)))&"-"&TRIM(D6))) | B6: ZARA_LISA_C | C6: blanca | D6: M | E6: 1 | F6: Zara | G6: lisa | H6: larga | I6: con cuello | J6: 46276 | K6: Poliester | L6: =IF(A6="","",E6-SUMIFS(Ventas!$H:$H,Ventas!$K:$K,A6,Ventas!$I:$I,">="&MAX(Inventario!$J:$J)))
A7: =IF(COUNTA(F7,I7,H7,G7,C7,D7)<6,"",UPPER(LEFT(TRIM(F7),1)&"-"&IF(LOWER(TRIM(I7))="con cuello","CC",LEFT(SUBSTITUTE(TRIM(I7)," ",""),3))&"-"&LEFT(TRIM(H7),1)&"-"&LEFT(SUBSTITUTE(TRIM(G7)," ",""),3)&"-"&IF(ISNUMBER(SEARCH(" ",TRIM(C7))),LEFT(TRIM(C7),2)&MID(TRIM(C7),SEARCH(" ",TRIM(C7))+1,2),IF(OR(LOWER(TRIM(C7))="blanca",LOWER(TRIM(C7))="blanco"),"BLANC",LEFT(TRIM(C7),4)))&"-"&TRIM(D7))) | B7: ZARA_LISA_D | C7: negra | D7: CH | E7: 1 | F7: Zara | G7: lisa | H7: larga | I7: con cuello | J7: 46276 | K7: Poliester | L7: =IF(A7="","",E7-SUMIFS(Ventas!$H:$H,Ventas!$K:$K,A7,Ventas!$I:$I,">="&MAX(Inventario!$J:$J)))
A8: =IF(COUNTA(F8,I8,H8,G8,C8,D8)<6,"",UPPER(LEFT(TRIM(F8),1)&"-"&IF(LOWER(TRIM(I8))="con cuello","CC",LEFT(SUBSTITUTE(TRIM(I8)," ",""),3))&"-"&LEFT(TRIM(H8),1)&"-"&LEFT(SUBSTITUTE(TRIM(G8)," ",""),3)&"-"&IF(ISNUMBER(SEARCH(" ",TRIM(C8))),LEFT(TRIM(C8),2)&MID(TRIM(C8),SEARCH(" ",TRIM(C8))+1,2),IF(OR(LOWER(TRIM(C8))="blanca",LOWER(TRIM(C8))="blanco"),"BLANC",LEFT(TRIM(C8),4)))&"-"&TRIM(D8))) | B8: ZARA_LISA_E | C8: azul marino | D8: CH | E8: 1 | F8: Zara | G8: lisa | H8: larga | I8: con cuello | J8: 46276 | K8: Poliester | L8: =IF(A8="","",E8-SUMIFS(Ventas!$H:$H,Ventas!$K:$K,A8,Ventas!$I:$I,">="&MAX(Inventario!$J:$J)))
A9: =IF(COUNTA(F9,I9,H9,G9,C9,D9)<6,"",UPPER(LEFT(TRIM(F9),1)&"-"&IF(LOWER(TRIM(I9))="con cuello","CC",LEFT(SUBSTITUTE(TRIM(I9)," ",""),3))&"-"&LEFT(TRIM(H9),1)&"-"&LEFT(SUBSTITUTE(TRIM(G9)," ",""),3)&"-"&IF(ISNUMBER(SEARCH(" ",TRIM(C9))),LEFT(TRIM(C9),2)&MID(TRIM(C9),SEARCH(" ",TRIM(C9))+1,2),IF(OR(LOWER(TRIM(C9))="blanca",LOWER(TRIM(C9))="blanco"),"BLANC",LEFT(TRIM(C9),4)))&"-"&TRIM(D9))) | B9: CALVIN_LISA_A | C9: azul cielo | D9: G | E9: 2 | F9: Calvin | G9: lisa | H9: larga | I9: mao | J9: 46276 | K9: Algodonada | L9: =IF(A9="","",E9-SUMIFS(Ventas!$H:$H,Ventas!$K:$K,A9,Ventas!$I:$I,">="&MAX(Inventario!$J:$J)))
A10: =IF(COUNTA(F10,I10,H10,G10,C10,D10)<6,"",UPPER(LEFT(TRIM(F10),1)&"-"&IF(LOWER(TRIM(I10))="con cuello","CC",LEFT(SUBSTITUTE(TRIM(I10)," ",""),3))&"-"&LEFT(TRIM(H10),1)&"-"&LEFT(SUBSTITUTE(TRIM(G10)," ",""),3)&"-"&IF(ISNUMBER(SEARCH(" ",TRIM(C10))),LEFT(TRIM(C10),2)&MID(TRIM(C10),SEARCH(" ",TRIM(C10))+1,2),IF(OR(LOWER(TRIM(C10))="blanca",LOWER(TRIM(C10))="blanco"),"BLANC",LEFT(TRIM(C10),4)))&"-"&TRIM(D10))) | B10: CALVIN_LISA_B | C10: blanca | D10: M | E10: 2 | F10: Calvin | G10: lisa | H10: larga | I10: mao | J10: 46276 | K10: Algodonada | L10: =IF(A10="","",E10-SUMIFS(Ventas!$H:$H,Ventas!$K:$K,A10,Ventas!$I:$I,">="&MAX(Inventario!$J:$J)))
A11: =IF(COUNTA(F11,I11,H11,G11,C11,D11)<6,"",UPPER(LEFT(TRIM(F11),1)&"-"&IF(LOWER(TRIM(I11))="con cuello","CC",LEFT(SUBSTITUTE(TRIM(I11)," ",""),3))&"-"&LEFT(TRIM(H11),1)&"-"&LEFT(SUBSTITUTE(TRIM(G11)," ",""),3)&"-"&IF(ISNUMBER(SEARCH(" ",TRIM(C11))),LEFT(TRIM(C11),2)&MID(TRIM(C11),SEARCH(" ",TRIM(C11))+1,2),IF(OR(LOWER(TRIM(C11))="blanca",LOWER(TRIM(C11))="blanco"),"BLANC",LEFT(TRIM(C11),4)))&"-"&TRIM(D11))) | B11: TOMMY_RESORTE_A | C11: blanca | D11: M | E11: 1 | F11: Tommy | G11: resorte | H11: corta | I11: mao | J11: 46276 | K11: Algodonada | L11: =IF(A11="","",E11-SUMIFS(Ventas!$H:$H,Ventas!$K:$K,A11,Ventas!$I:$I,">="&MAX(Inventario!$J:$J)))

Sheet Catalogos
A1: Marca | B1: Tipo de cuello | C1: Manga | D1: Estampado | E1: Color | F1: Talla | G1: Tipo de tela | H1: Uso
A2: Armani | B2: botones | C2: corta | D2: cuadros | E2: azul celeste | F2: CH | G2: Ligera | H2: Muestra sanitizada para portafolio
A3: Burberry | B3: con cuello | C3: larga | D3: figuras | E3: azul cielo | F3: G | G3: Media | H3: La lógica del archivo y las fórmulas se conservan.
A4: Calvin | B4: mao | D4: flores | E4: azul marino | F4: M | G4: Gruesa
A5: Dolce | D5: lisa | E5: azul primario | F5: XG | G5: Elástica
A6: Levis | D6: micro cuadro | E6: beige | G6: Suave
A7: Manchini | D7: puntos | E7: blanca | G7: Tipo lino
A8: Polo | D8: rayas delgadas | E8: gris | G8: Tipo mezclilla
A9: Tommy | D9: resorte | E9: mostaza | G9: Satinada
A10: Versace | D10: textura cuadrada | E10: negra | G10: Sintética suave
A11: Zara | E11: palo de rosa | G11: Algodonada
E12: roja | G12: Microperforada
E13: verde militar | G13: Texturizada
A15: Nota | B15: Versión sanitizada para portafolio: contiene una muestra representativa y datos ajustados para proteger información sensible del negocio.
